sampleID	forwardReads
pool_1_1	/mnt/picea/home/delhomme/Git/pine-needles-fungi/data/merge/ps_376_001_pool_1_1.ccsreads.fastq.gz
pool_1_10	/mnt/picea/home/delhomme/Git/pine-needles-fungi/data/merge/ps_376_001_pool_1_10.ccsreads.fastq.gz
pool_1_11	/mnt/picea/home/delhomme/Git/pine-needles-fungi/data/merge/ps_376_001_pool_1_11.ccsreads.fastq.gz
pool_1_12	/mnt/picea/home/delhomme/Git/pine-needles-fungi/data/merge/ps_376_001_pool_1_12.ccsreads.fastq.gz
pool_1_13	/mnt/picea/home/delhomme/Git/pine-needles-fungi/data/merge/ps_376_001_pool_1_13.ccsreads.fastq.gz
pool_1_14	/mnt/picea/home/delhomme/Git/pine-needles-fungi/data/merge/ps_376_001_pool_1_14.ccsreads.fastq.gz
pool_1_15	/mnt/picea/home/delhomme/Git/pine-needles-fungi/data/merge/ps_376_001_pool_1_15.ccsreads.fastq.gz
pool_1_16	/mnt/picea/home/delhomme/Git/pine-needles-fungi/data/merge/ps_376_001_pool_1_16.ccsreads.fastq.gz
pool_1_17	/mnt/picea/home/delhomme/Git/pine-needles-fungi/data/merge/ps_376_001_pool_1_17.ccsreads.fastq.gz
pool_1_18	/mnt/picea/home/delhomme/Git/pine-needles-fungi/data/merge/ps_376_001_pool_1_18.ccsreads.fastq.gz
pool_1_19	/mnt/picea/home/delhomme/Git/pine-needles-fungi/data/merge/ps_376_001_pool_1_19.ccsreads.fastq.gz
pool_1_2	/mnt/picea/home/delhomme/Git/pine-needles-fungi/data/merge/ps_376_001_pool_1_2.ccsreads.fastq.gz
pool_1_20	/mnt/picea/home/delhomme/Git/pine-needles-fungi/data/merge/ps_376_001_pool_1_20.ccsreads.fastq.gz
pool_1_21	/mnt/picea/home/delhomme/Git/pine-needles-fungi/data/merge/ps_376_001_pool_1_21.ccsreads.fastq.gz
pool_1_22	/mnt/picea/home/delhomme/Git/pine-needles-fungi/data/merge/ps_376_001_pool_1_22.ccsreads.fastq.gz
pool_1_23	/mnt/picea/home/delhomme/Git/pine-needles-fungi/data/merge/ps_376_001_pool_1_23.ccsreads.fastq.gz
pool_1_24	/mnt/picea/home/delhomme/Git/pine-needles-fungi/data/merge/ps_376_001_pool_1_24.ccsreads.fastq.gz
pool_1_25	/mnt/picea/home/delhomme/Git/pine-needles-fungi/data/merge/ps_376_001_pool_1_25.ccsreads.fastq.gz
pool_1_26	/mnt/picea/home/delhomme/Git/pine-needles-fungi/data/merge/ps_376_001_pool_1_26.ccsreads.fastq.gz
pool_1_27	/mnt/picea/home/delhomme/Git/pine-needles-fungi/data/merge/ps_376_001_pool_1_27.ccsreads.fastq.gz
pool_1_28	/mnt/picea/home/delhomme/Git/pine-needles-fungi/data/merge/ps_376_001_pool_1_28.ccsreads.fastq.gz
pool_1_29	/mnt/picea/home/delhomme/Git/pine-needles-fungi/data/merge/ps_376_001_pool_1_29.ccsreads.fastq.gz
pool_1_3	/mnt/picea/home/delhomme/Git/pine-needles-fungi/data/merge/ps_376_001_pool_1_3.ccsreads.fastq.gz
pool_1_30	/mnt/picea/home/delhomme/Git/pine-needles-fungi/data/merge/ps_376_001_pool_1_30.ccsreads.fastq.gz
pool_1_31	/mnt/picea/home/delhomme/Git/pine-needles-fungi/data/merge/ps_376_001_pool_1_31.ccsreads.fastq.gz
pool_1_32	/mnt/picea/home/delhomme/Git/pine-needles-fungi/data/merge/ps_376_001_pool_1_32.ccsreads.fastq.gz
pool_1_33	/mnt/picea/home/delhomme/Git/pine-needles-fungi/data/merge/ps_376_001_pool_1_33.ccsreads.fastq.gz
pool_1_34	/mnt/picea/home/delhomme/Git/pine-needles-fungi/data/merge/ps_376_001_pool_1_34.ccsreads.fastq.gz
pool_1_35	/mnt/picea/home/delhomme/Git/pine-needles-fungi/data/merge/ps_376_001_pool_1_35.ccsreads.fastq.gz
pool_1_36	/mnt/picea/home/delhomme/Git/pine-needles-fungi/data/merge/ps_376_001_pool_1_36.ccsreads.fastq.gz
pool_1_37	/mnt/picea/home/delhomme/Git/pine-needles-fungi/data/merge/ps_376_001_pool_1_37.ccsreads.fastq.gz
pool_1_38	/mnt/picea/home/delhomme/Git/pine-needles-fungi/data/merge/ps_376_001_pool_1_38.ccsreads.fastq.gz
pool_1_39	/mnt/picea/home/delhomme/Git/pine-needles-fungi/data/merge/ps_376_001_pool_1_39.ccsreads.fastq.gz
pool_1_4	/mnt/picea/home/delhomme/Git/pine-needles-fungi/data/merge/ps_376_001_pool_1_4.ccsreads.fastq.gz
pool_1_40	/mnt/picea/home/delhomme/Git/pine-needles-fungi/data/merge/ps_376_001_pool_1_40.ccsreads.fastq.gz
pool_1_41	/mnt/picea/home/delhomme/Git/pine-needles-fungi/data/merge/ps_376_001_pool_1_41.ccsreads.fastq.gz
pool_1_42	/mnt/picea/home/delhomme/Git/pine-needles-fungi/data/merge/ps_376_001_pool_1_42.ccsreads.fastq.gz
pool_1_43_neg_control	/mnt/picea/home/delhomme/Git/pine-needles-fungi/data/merge/ps_376_001_pool_1_43_neg_control.ccsreads.fastq.gz
pool_1_44	/mnt/picea/home/delhomme/Git/pine-needles-fungi/data/merge/ps_376_001_pool_1_44.ccsreads.fastq.gz
pool_1_45	/mnt/picea/home/delhomme/Git/pine-needles-fungi/data/merge/ps_376_001_pool_1_45.ccsreads.fastq.gz
pool_1_46	/mnt/picea/home/delhomme/Git/pine-needles-fungi/data/merge/ps_376_001_pool_1_46.ccsreads.fastq.gz
pool_1_47	/mnt/picea/home/delhomme/Git/pine-needles-fungi/data/merge/ps_376_001_pool_1_47.ccsreads.fastq.gz
pool_1_48	/mnt/picea/home/delhomme/Git/pine-needles-fungi/data/merge/ps_376_001_pool_1_48.ccsreads.fastq.gz
pool_1_49	/mnt/picea/home/delhomme/Git/pine-needles-fungi/data/merge/ps_376_001_pool_1_49.ccsreads.fastq.gz
pool_1_5	/mnt/picea/home/delhomme/Git/pine-needles-fungi/data/merge/ps_376_001_pool_1_5.ccsreads.fastq.gz
pool_1_50	/mnt/picea/home/delhomme/Git/pine-needles-fungi/data/merge/ps_376_001_pool_1_50.ccsreads.fastq.gz
pool_1_51	/mnt/picea/home/delhomme/Git/pine-needles-fungi/data/merge/ps_376_001_pool_1_51.ccsreads.fastq.gz
pool_1_52	/mnt/picea/home/delhomme/Git/pine-needles-fungi/data/merge/ps_376_001_pool_1_52.ccsreads.fastq.gz
pool_1_53	/mnt/picea/home/delhomme/Git/pine-needles-fungi/data/merge/ps_376_001_pool_1_53.ccsreads.fastq.gz
pool_1_54	/mnt/picea/home/delhomme/Git/pine-needles-fungi/data/merge/ps_376_001_pool_1_54.ccsreads.fastq.gz
pool_1_55	/mnt/picea/home/delhomme/Git/pine-needles-fungi/data/merge/ps_376_001_pool_1_55.ccsreads.fastq.gz
pool_1_56	/mnt/picea/home/delhomme/Git/pine-needles-fungi/data/merge/ps_376_001_pool_1_56.ccsreads.fastq.gz
pool_1_57	/mnt/picea/home/delhomme/Git/pine-needles-fungi/data/merge/ps_376_001_pool_1_57.ccsreads.fastq.gz
pool_1_58	/mnt/picea/home/delhomme/Git/pine-needles-fungi/data/merge/ps_376_001_pool_1_58.ccsreads.fastq.gz
pool_1_59	/mnt/picea/home/delhomme/Git/pine-needles-fungi/data/merge/ps_376_001_pool_1_59.ccsreads.fastq.gz
pool_1_6	/mnt/picea/home/delhomme/Git/pine-needles-fungi/data/merge/ps_376_001_pool_1_6.ccsreads.fastq.gz
pool_1_60	/mnt/picea/home/delhomme/Git/pine-needles-fungi/data/merge/ps_376_001_pool_1_60.ccsreads.fastq.gz
pool_1_61	/mnt/picea/home/delhomme/Git/pine-needles-fungi/data/merge/ps_376_001_pool_1_61.ccsreads.fastq.gz
pool_1_62	/mnt/picea/home/delhomme/Git/pine-needles-fungi/data/merge/ps_376_001_pool_1_62.ccsreads.fastq.gz
pool_1_63	/mnt/picea/home/delhomme/Git/pine-needles-fungi/data/merge/ps_376_001_pool_1_63.ccsreads.fastq.gz
pool_1_64	/mnt/picea/home/delhomme/Git/pine-needles-fungi/data/merge/ps_376_001_pool_1_64.ccsreads.fastq.gz
pool_1_65	/mnt/picea/home/delhomme/Git/pine-needles-fungi/data/merge/ps_376_001_pool_1_65.ccsreads.fastq.gz
pool_1_66	/mnt/picea/home/delhomme/Git/pine-needles-fungi/data/merge/ps_376_001_pool_1_66.ccsreads.fastq.gz
pool_1_67	/mnt/picea/home/delhomme/Git/pine-needles-fungi/data/merge/ps_376_001_pool_1_67.ccsreads.fastq.gz
pool_1_68	/mnt/picea/home/delhomme/Git/pine-needles-fungi/data/merge/ps_376_001_pool_1_68.ccsreads.fastq.gz
pool_1_69	/mnt/picea/home/delhomme/Git/pine-needles-fungi/data/merge/ps_376_001_pool_1_69.ccsreads.fastq.gz
pool_1_7	/mnt/picea/home/delhomme/Git/pine-needles-fungi/data/merge/ps_376_001_pool_1_7.ccsreads.fastq.gz
pool_1_70	/mnt/picea/home/delhomme/Git/pine-needles-fungi/data/merge/ps_376_001_pool_1_70.ccsreads.fastq.gz
pool_1_71	/mnt/picea/home/delhomme/Git/pine-needles-fungi/data/merge/ps_376_001_pool_1_71.ccsreads.fastq.gz
pool_1_72	/mnt/picea/home/delhomme/Git/pine-needles-fungi/data/merge/ps_376_001_pool_1_72.ccsreads.fastq.gz
pool_1_73	/mnt/picea/home/delhomme/Git/pine-needles-fungi/data/merge/ps_376_001_pool_1_73.ccsreads.fastq.gz
pool_1_74	/mnt/picea/home/delhomme/Git/pine-needles-fungi/data/merge/ps_376_001_pool_1_74.ccsreads.fastq.gz
pool_1_75	/mnt/picea/home/delhomme/Git/pine-needles-fungi/data/merge/ps_376_001_pool_1_75.ccsreads.fastq.gz
pool_1_76	/mnt/picea/home/delhomme/Git/pine-needles-fungi/data/merge/ps_376_001_pool_1_76.ccsreads.fastq.gz
pool_1_77	/mnt/picea/home/delhomme/Git/pine-needles-fungi/data/merge/ps_376_001_pool_1_77.ccsreads.fastq.gz
pool_1_78	/mnt/picea/home/delhomme/Git/pine-needles-fungi/data/merge/ps_376_001_pool_1_78.ccsreads.fastq.gz
pool_1_79	/mnt/picea/home/delhomme/Git/pine-needles-fungi/data/merge/ps_376_001_pool_1_79.ccsreads.fastq.gz
pool_1_8	/mnt/picea/home/delhomme/Git/pine-needles-fungi/data/merge/ps_376_001_pool_1_8.ccsreads.fastq.gz
pool_1_80	/mnt/picea/home/delhomme/Git/pine-needles-fungi/data/merge/ps_376_001_pool_1_80.ccsreads.fastq.gz
pool_1_81	/mnt/picea/home/delhomme/Git/pine-needles-fungi/data/merge/ps_376_001_pool_1_81.ccsreads.fastq.gz
pool_1_82	/mnt/picea/home/delhomme/Git/pine-needles-fungi/data/merge/ps_376_001_pool_1_82.ccsreads.fastq.gz
pool_1_83	/mnt/picea/home/delhomme/Git/pine-needles-fungi/data/merge/ps_376_001_pool_1_83.ccsreads.fastq.gz
pool_1_84	/mnt/picea/home/delhomme/Git/pine-needles-fungi/data/merge/ps_376_001_pool_1_84.ccsreads.fastq.gz
pool_1_85	/mnt/picea/home/delhomme/Git/pine-needles-fungi/data/merge/ps_376_001_pool_1_85.ccsreads.fastq.gz
pool_1_86	/mnt/picea/home/delhomme/Git/pine-needles-fungi/data/merge/ps_376_001_pool_1_86.ccsreads.fastq.gz
pool_1_87	/mnt/picea/home/delhomme/Git/pine-needles-fungi/data/merge/ps_376_001_pool_1_87.ccsreads.fastq.gz
pool_1_88	/mnt/picea/home/delhomme/Git/pine-needles-fungi/data/merge/ps_376_001_pool_1_88.ccsreads.fastq.gz
pool_1_89	/mnt/picea/home/delhomme/Git/pine-needles-fungi/data/merge/ps_376_001_pool_1_89.ccsreads.fastq.gz
pool_1_9	/mnt/picea/home/delhomme/Git/pine-needles-fungi/data/merge/ps_376_001_pool_1_9.ccsreads.fastq.gz
pool_1_90	/mnt/picea/home/delhomme/Git/pine-needles-fungi/data/merge/ps_376_001_pool_1_90.ccsreads.fastq.gz
pool_1_91	/mnt/picea/home/delhomme/Git/pine-needles-fungi/data/merge/ps_376_001_pool_1_91.ccsreads.fastq.gz
pool_1_92	/mnt/picea/home/delhomme/Git/pine-needles-fungi/data/merge/ps_376_001_pool_1_92.ccsreads.fastq.gz
pool_1_93	/mnt/picea/home/delhomme/Git/pine-needles-fungi/data/merge/ps_376_001_pool_1_93.ccsreads.fastq.gz
pool_1_94	/mnt/picea/home/delhomme/Git/pine-needles-fungi/data/merge/ps_376_001_pool_1_94.ccsreads.fastq.gz
pool_1_95	/mnt/picea/home/delhomme/Git/pine-needles-fungi/data/merge/ps_376_001_pool_1_95.ccsreads.fastq.gz
pool_1_96	/mnt/picea/home/delhomme/Git/pine-needles-fungi/data/merge/ps_376_001_pool_1_96.ccsreads.fastq.gz
pool_2_100	/mnt/picea/home/delhomme/Git/pine-needles-fungi/data/merge/ps_376_002_pool_2_100.ccsreads.fastq.gz
pool_2_101	/mnt/picea/home/delhomme/Git/pine-needles-fungi/data/merge/ps_376_002_pool_2_101.ccsreads.fastq.gz
pool_2_102	/mnt/picea/home/delhomme/Git/pine-needles-fungi/data/merge/ps_376_002_pool_2_102.ccsreads.fastq.gz
pool_2_103	/mnt/picea/home/delhomme/Git/pine-needles-fungi/data/merge/ps_376_002_pool_2_103.ccsreads.fastq.gz
pool_2_104	/mnt/picea/home/delhomme/Git/pine-needles-fungi/data/merge/ps_376_002_pool_2_104.ccsreads.fastq.gz
pool_2_105	/mnt/picea/home/delhomme/Git/pine-needles-fungi/data/merge/ps_376_002_pool_2_105.ccsreads.fastq.gz
pool_2_106	/mnt/picea/home/delhomme/Git/pine-needles-fungi/data/merge/ps_376_002_pool_2_106.ccsreads.fastq.gz
pool_2_107	/mnt/picea/home/delhomme/Git/pine-needles-fungi/data/merge/ps_376_002_pool_2_107.ccsreads.fastq.gz
pool_2_108	/mnt/picea/home/delhomme/Git/pine-needles-fungi/data/merge/ps_376_002_pool_2_108.ccsreads.fastq.gz
pool_2_109	/mnt/picea/home/delhomme/Git/pine-needles-fungi/data/merge/ps_376_002_pool_2_109.ccsreads.fastq.gz
pool_2_110	/mnt/picea/home/delhomme/Git/pine-needles-fungi/data/merge/ps_376_002_pool_2_110.ccsreads.fastq.gz
pool_2_111	/mnt/picea/home/delhomme/Git/pine-needles-fungi/data/merge/ps_376_002_pool_2_111.ccsreads.fastq.gz
pool_2_112	/mnt/picea/home/delhomme/Git/pine-needles-fungi/data/merge/ps_376_002_pool_2_112.ccsreads.fastq.gz
pool_2_113	/mnt/picea/home/delhomme/Git/pine-needles-fungi/data/merge/ps_376_002_pool_2_113.ccsreads.fastq.gz
pool_2_114	/mnt/picea/home/delhomme/Git/pine-needles-fungi/data/merge/ps_376_002_pool_2_114.ccsreads.fastq.gz
pool_2_115	/mnt/picea/home/delhomme/Git/pine-needles-fungi/data/merge/ps_376_002_pool_2_115.ccsreads.fastq.gz
pool_2_116	/mnt/picea/home/delhomme/Git/pine-needles-fungi/data/merge/ps_376_002_pool_2_116.ccsreads.fastq.gz
pool_2_117	/mnt/picea/home/delhomme/Git/pine-needles-fungi/data/merge/ps_376_002_pool_2_117.ccsreads.fastq.gz
pool_2_118	/mnt/picea/home/delhomme/Git/pine-needles-fungi/data/merge/ps_376_002_pool_2_118.ccsreads.fastq.gz
pool_2_119	/mnt/picea/home/delhomme/Git/pine-needles-fungi/data/merge/ps_376_002_pool_2_119.ccsreads.fastq.gz
pool_2_120	/mnt/picea/home/delhomme/Git/pine-needles-fungi/data/merge/ps_376_002_pool_2_120.ccsreads.fastq.gz
pool_2_121	/mnt/picea/home/delhomme/Git/pine-needles-fungi/data/merge/ps_376_002_pool_2_121.ccsreads.fastq.gz
pool_2_122	/mnt/picea/home/delhomme/Git/pine-needles-fungi/data/merge/ps_376_002_pool_2_122.ccsreads.fastq.gz
pool_2_123	/mnt/picea/home/delhomme/Git/pine-needles-fungi/data/merge/ps_376_002_pool_2_123.ccsreads.fastq.gz
pool_2_124	/mnt/picea/home/delhomme/Git/pine-needles-fungi/data/merge/ps_376_002_pool_2_124.ccsreads.fastq.gz
pool_2_125	/mnt/picea/home/delhomme/Git/pine-needles-fungi/data/merge/ps_376_002_pool_2_125.ccsreads.fastq.gz
pool_2_126	/mnt/picea/home/delhomme/Git/pine-needles-fungi/data/merge/ps_376_002_pool_2_126.ccsreads.fastq.gz
pool_2_127	/mnt/picea/home/delhomme/Git/pine-needles-fungi/data/merge/ps_376_002_pool_2_127.ccsreads.fastq.gz
pool_2_128	/mnt/picea/home/delhomme/Git/pine-needles-fungi/data/merge/ps_376_002_pool_2_128.ccsreads.fastq.gz
pool_2_129	/mnt/picea/home/delhomme/Git/pine-needles-fungi/data/merge/ps_376_002_pool_2_129.ccsreads.fastq.gz
pool_2_130	/mnt/picea/home/delhomme/Git/pine-needles-fungi/data/merge/ps_376_002_pool_2_130.ccsreads.fastq.gz
pool_2_131	/mnt/picea/home/delhomme/Git/pine-needles-fungi/data/merge/ps_376_002_pool_2_131.ccsreads.fastq.gz
pool_2_132	/mnt/picea/home/delhomme/Git/pine-needles-fungi/data/merge/ps_376_002_pool_2_132.ccsreads.fastq.gz
pool_2_133	/mnt/picea/home/delhomme/Git/pine-needles-fungi/data/merge/ps_376_002_pool_2_133.ccsreads.fastq.gz
pool_2_134	/mnt/picea/home/delhomme/Git/pine-needles-fungi/data/merge/ps_376_002_pool_2_134.ccsreads.fastq.gz
pool_2_135	/mnt/picea/home/delhomme/Git/pine-needles-fungi/data/merge/ps_376_002_pool_2_135.ccsreads.fastq.gz
pool_2_136	/mnt/picea/home/delhomme/Git/pine-needles-fungi/data/merge/ps_376_002_pool_2_136.ccsreads.fastq.gz
pool_2_137	/mnt/picea/home/delhomme/Git/pine-needles-fungi/data/merge/ps_376_002_pool_2_137.ccsreads.fastq.gz
pool_2_138	/mnt/picea/home/delhomme/Git/pine-needles-fungi/data/merge/ps_376_002_pool_2_138.ccsreads.fastq.gz
pool_2_139	/mnt/picea/home/delhomme/Git/pine-needles-fungi/data/merge/ps_376_002_pool_2_139.ccsreads.fastq.gz
pool_2_140	/mnt/picea/home/delhomme/Git/pine-needles-fungi/data/merge/ps_376_002_pool_2_140.ccsreads.fastq.gz
pool_2_141	/mnt/picea/home/delhomme/Git/pine-needles-fungi/data/merge/ps_376_002_pool_2_141.ccsreads.fastq.gz
pool_2_142	/mnt/picea/home/delhomme/Git/pine-needles-fungi/data/merge/ps_376_002_pool_2_142.ccsreads.fastq.gz
pool_2_143	/mnt/picea/home/delhomme/Git/pine-needles-fungi/data/merge/ps_376_002_pool_2_143.ccsreads.fastq.gz
pool_2_144	/mnt/picea/home/delhomme/Git/pine-needles-fungi/data/merge/ps_376_002_pool_2_144.ccsreads.fastq.gz
pool_2_145	/mnt/picea/home/delhomme/Git/pine-needles-fungi/data/merge/ps_376_002_pool_2_145.ccsreads.fastq.gz
pool_2_147	/mnt/picea/home/delhomme/Git/pine-needles-fungi/data/merge/ps_376_002_pool_2_147.ccsreads.fastq.gz
pool_2_148	/mnt/picea/home/delhomme/Git/pine-needles-fungi/data/merge/ps_376_002_pool_2_148.ccsreads.fastq.gz
pool_2_149	/mnt/picea/home/delhomme/Git/pine-needles-fungi/data/merge/ps_376_002_pool_2_149.ccsreads.fastq.gz
pool_2_150	/mnt/picea/home/delhomme/Git/pine-needles-fungi/data/merge/ps_376_002_pool_2_150.ccsreads.fastq.gz
pool_2_151	/mnt/picea/home/delhomme/Git/pine-needles-fungi/data/merge/ps_376_002_pool_2_151.ccsreads.fastq.gz
pool_2_152	/mnt/picea/home/delhomme/Git/pine-needles-fungi/data/merge/ps_376_002_pool_2_152.ccsreads.fastq.gz
pool_2_153	/mnt/picea/home/delhomme/Git/pine-needles-fungi/data/merge/ps_376_002_pool_2_153.ccsreads.fastq.gz
pool_2_154	/mnt/picea/home/delhomme/Git/pine-needles-fungi/data/merge/ps_376_002_pool_2_154.ccsreads.fastq.gz
pool_2_155	/mnt/picea/home/delhomme/Git/pine-needles-fungi/data/merge/ps_376_002_pool_2_155.ccsreads.fastq.gz
pool_2_156	/mnt/picea/home/delhomme/Git/pine-needles-fungi/data/merge/ps_376_002_pool_2_156.ccsreads.fastq.gz
pool_2_157	/mnt/picea/home/delhomme/Git/pine-needles-fungi/data/merge/ps_376_002_pool_2_157.ccsreads.fastq.gz
pool_2_158	/mnt/picea/home/delhomme/Git/pine-needles-fungi/data/merge/ps_376_002_pool_2_158.ccsreads.fastq.gz
pool_2_159	/mnt/picea/home/delhomme/Git/pine-needles-fungi/data/merge/ps_376_002_pool_2_159.ccsreads.fastq.gz
pool_2_160	/mnt/picea/home/delhomme/Git/pine-needles-fungi/data/merge/ps_376_002_pool_2_160.ccsreads.fastq.gz
pool_2_161	/mnt/picea/home/delhomme/Git/pine-needles-fungi/data/merge/ps_376_002_pool_2_161.ccsreads.fastq.gz
pool_2_162	/mnt/picea/home/delhomme/Git/pine-needles-fungi/data/merge/ps_376_002_pool_2_162.ccsreads.fastq.gz
pool_2_163	/mnt/picea/home/delhomme/Git/pine-needles-fungi/data/merge/ps_376_002_pool_2_163.ccsreads.fastq.gz
pool_2_164	/mnt/picea/home/delhomme/Git/pine-needles-fungi/data/merge/ps_376_002_pool_2_164.ccsreads.fastq.gz
pool_2_165	/mnt/picea/home/delhomme/Git/pine-needles-fungi/data/merge/ps_376_002_pool_2_165.ccsreads.fastq.gz
pool_2_166	/mnt/picea/home/delhomme/Git/pine-needles-fungi/data/merge/ps_376_002_pool_2_166.ccsreads.fastq.gz
pool_2_167	/mnt/picea/home/delhomme/Git/pine-needles-fungi/data/merge/ps_376_002_pool_2_167.ccsreads.fastq.gz
pool_2_168	/mnt/picea/home/delhomme/Git/pine-needles-fungi/data/merge/ps_376_002_pool_2_168.ccsreads.fastq.gz
pool_2_169	/mnt/picea/home/delhomme/Git/pine-needles-fungi/data/merge/ps_376_002_pool_2_169.ccsreads.fastq.gz
pool_2_170	/mnt/picea/home/delhomme/Git/pine-needles-fungi/data/merge/ps_376_002_pool_2_170.ccsreads.fastq.gz
pool_2_171	/mnt/picea/home/delhomme/Git/pine-needles-fungi/data/merge/ps_376_002_pool_2_171.ccsreads.fastq.gz
pool_2_172	/mnt/picea/home/delhomme/Git/pine-needles-fungi/data/merge/ps_376_002_pool_2_172.ccsreads.fastq.gz
pool_2_173	/mnt/picea/home/delhomme/Git/pine-needles-fungi/data/merge/ps_376_002_pool_2_173.ccsreads.fastq.gz
pool_2_174	/mnt/picea/home/delhomme/Git/pine-needles-fungi/data/merge/ps_376_002_pool_2_174.ccsreads.fastq.gz
pool_2_175	/mnt/picea/home/delhomme/Git/pine-needles-fungi/data/merge/ps_376_002_pool_2_175.ccsreads.fastq.gz
pool_2_176	/mnt/picea/home/delhomme/Git/pine-needles-fungi/data/merge/ps_376_002_pool_2_176.ccsreads.fastq.gz
pool_2_177	/mnt/picea/home/delhomme/Git/pine-needles-fungi/data/merge/ps_376_002_pool_2_177.ccsreads.fastq.gz
pool_2_178	/mnt/picea/home/delhomme/Git/pine-needles-fungi/data/merge/ps_376_002_pool_2_178.ccsreads.fastq.gz
pool_2_179	/mnt/picea/home/delhomme/Git/pine-needles-fungi/data/merge/ps_376_002_pool_2_179.ccsreads.fastq.gz
pool_2_180	/mnt/picea/home/delhomme/Git/pine-needles-fungi/data/merge/ps_376_002_pool_2_180.ccsreads.fastq.gz
pool_2_181	/mnt/picea/home/delhomme/Git/pine-needles-fungi/data/merge/ps_376_002_pool_2_181.ccsreads.fastq.gz
pool_2_182	/mnt/picea/home/delhomme/Git/pine-needles-fungi/data/merge/ps_376_002_pool_2_182.ccsreads.fastq.gz
pool_2_183	/mnt/picea/home/delhomme/Git/pine-needles-fungi/data/merge/ps_376_002_pool_2_183.ccsreads.fastq.gz
pool_2_184	/mnt/picea/home/delhomme/Git/pine-needles-fungi/data/merge/ps_376_002_pool_2_184.ccsreads.fastq.gz
pool_2_185	/mnt/picea/home/delhomme/Git/pine-needles-fungi/data/merge/ps_376_002_pool_2_185.ccsreads.fastq.gz
pool_2_186	/mnt/picea/home/delhomme/Git/pine-needles-fungi/data/merge/ps_376_002_pool_2_186.ccsreads.fastq.gz
pool_2_187	/mnt/picea/home/delhomme/Git/pine-needles-fungi/data/merge/ps_376_002_pool_2_187.ccsreads.fastq.gz
pool_2_188	/mnt/picea/home/delhomme/Git/pine-needles-fungi/data/merge/ps_376_002_pool_2_188.ccsreads.fastq.gz
pool_2_189	/mnt/picea/home/delhomme/Git/pine-needles-fungi/data/merge/ps_376_002_pool_2_189.ccsreads.fastq.gz
pool_2_190	/mnt/picea/home/delhomme/Git/pine-needles-fungi/data/merge/ps_376_002_pool_2_190.ccsreads.fastq.gz
pool_2_191	/mnt/picea/home/delhomme/Git/pine-needles-fungi/data/merge/ps_376_002_pool_2_191.ccsreads.fastq.gz
pool_2_192	/mnt/picea/home/delhomme/Git/pine-needles-fungi/data/merge/ps_376_002_pool_2_192.ccsreads.fastq.gz
pool_2_97	/mnt/picea/home/delhomme/Git/pine-needles-fungi/data/merge/ps_376_002_pool_2_97.ccsreads.fastq.gz
pool_2_98	/mnt/picea/home/delhomme/Git/pine-needles-fungi/data/merge/ps_376_002_pool_2_98.ccsreads.fastq.gz
pool_2_99	/mnt/picea/home/delhomme/Git/pine-needles-fungi/data/merge/ps_376_002_pool_2_99.ccsreads.fastq.gz
pool_3_193	/mnt/picea/home/delhomme/Git/pine-needles-fungi/data/merge/ps_376_003_pool_3_193.ccsreads.fastq.gz
pool_3_194	/mnt/picea/home/delhomme/Git/pine-needles-fungi/data/merge/ps_376_003_pool_3_194.ccsreads.fastq.gz
pool_3_195	/mnt/picea/home/delhomme/Git/pine-needles-fungi/data/merge/ps_376_003_pool_3_195.ccsreads.fastq.gz
pool_3_196	/mnt/picea/home/delhomme/Git/pine-needles-fungi/data/merge/ps_376_003_pool_3_196.ccsreads.fastq.gz
pool_3_197	/mnt/picea/home/delhomme/Git/pine-needles-fungi/data/merge/ps_376_003_pool_3_197.ccsreads.fastq.gz
pool_3_198	/mnt/picea/home/delhomme/Git/pine-needles-fungi/data/merge/ps_376_003_pool_3_198.ccsreads.fastq.gz
pool_3_199	/mnt/picea/home/delhomme/Git/pine-needles-fungi/data/merge/ps_376_003_pool_3_199.ccsreads.fastq.gz
pool_3_200	/mnt/picea/home/delhomme/Git/pine-needles-fungi/data/merge/ps_376_003_pool_3_200.ccsreads.fastq.gz
pool_3_201	/mnt/picea/home/delhomme/Git/pine-needles-fungi/data/merge/ps_376_003_pool_3_201.ccsreads.fastq.gz
pool_3_202	/mnt/picea/home/delhomme/Git/pine-needles-fungi/data/merge/ps_376_003_pool_3_202.ccsreads.fastq.gz
pool_3_203	/mnt/picea/home/delhomme/Git/pine-needles-fungi/data/merge/ps_376_003_pool_3_203.ccsreads.fastq.gz
pool_3_204	/mnt/picea/home/delhomme/Git/pine-needles-fungi/data/merge/ps_376_003_pool_3_204.ccsreads.fastq.gz
pool_3_205	/mnt/picea/home/delhomme/Git/pine-needles-fungi/data/merge/ps_376_003_pool_3_205.ccsreads.fastq.gz
pool_3_206	/mnt/picea/home/delhomme/Git/pine-needles-fungi/data/merge/ps_376_003_pool_3_206.ccsreads.fastq.gz
pool_3_207	/mnt/picea/home/delhomme/Git/pine-needles-fungi/data/merge/ps_376_003_pool_3_207.ccsreads.fastq.gz
pool_3_208	/mnt/picea/home/delhomme/Git/pine-needles-fungi/data/merge/ps_376_003_pool_3_208.ccsreads.fastq.gz
pool_3_209	/mnt/picea/home/delhomme/Git/pine-needles-fungi/data/merge/ps_376_003_pool_3_209.ccsreads.fastq.gz
pool_3_210	/mnt/picea/home/delhomme/Git/pine-needles-fungi/data/merge/ps_376_003_pool_3_210.ccsreads.fastq.gz
pool_3_211	/mnt/picea/home/delhomme/Git/pine-needles-fungi/data/merge/ps_376_003_pool_3_211.ccsreads.fastq.gz
pool_3_212	/mnt/picea/home/delhomme/Git/pine-needles-fungi/data/merge/ps_376_003_pool_3_212.ccsreads.fastq.gz
pool_3_213	/mnt/picea/home/delhomme/Git/pine-needles-fungi/data/merge/ps_376_003_pool_3_213.ccsreads.fastq.gz
pool_3_214	/mnt/picea/home/delhomme/Git/pine-needles-fungi/data/merge/ps_376_003_pool_3_214.ccsreads.fastq.gz
pool_3_215	/mnt/picea/home/delhomme/Git/pine-needles-fungi/data/merge/ps_376_003_pool_3_215.ccsreads.fastq.gz
pool_3_216	/mnt/picea/home/delhomme/Git/pine-needles-fungi/data/merge/ps_376_003_pool_3_216.ccsreads.fastq.gz
pool_3_217	/mnt/picea/home/delhomme/Git/pine-needles-fungi/data/merge/ps_376_003_pool_3_217.ccsreads.fastq.gz
pool_3_218	/mnt/picea/home/delhomme/Git/pine-needles-fungi/data/merge/ps_376_003_pool_3_218.ccsreads.fastq.gz
pool_3_219	/mnt/picea/home/delhomme/Git/pine-needles-fungi/data/merge/ps_376_003_pool_3_219.ccsreads.fastq.gz
pool_3_220neg_k	/mnt/picea/home/delhomme/Git/pine-needles-fungi/data/merge/ps_376_003_pool_3_220neg_k.ccsreads.fastq.gz
pool_3_221	/mnt/picea/home/delhomme/Git/pine-needles-fungi/data/merge/ps_376_003_pool_3_221.ccsreads.fastq.gz
pool_3_222	/mnt/picea/home/delhomme/Git/pine-needles-fungi/data/merge/ps_376_003_pool_3_222.ccsreads.fastq.gz
pool_3_223	/mnt/picea/home/delhomme/Git/pine-needles-fungi/data/merge/ps_376_003_pool_3_223.ccsreads.fastq.gz
pool_3_224	/mnt/picea/home/delhomme/Git/pine-needles-fungi/data/merge/ps_376_003_pool_3_224.ccsreads.fastq.gz
pool_3_225	/mnt/picea/home/delhomme/Git/pine-needles-fungi/data/merge/ps_376_003_pool_3_225.ccsreads.fastq.gz
pool_3_226	/mnt/picea/home/delhomme/Git/pine-needles-fungi/data/merge/ps_376_003_pool_3_226.ccsreads.fastq.gz
pool_3_227	/mnt/picea/home/delhomme/Git/pine-needles-fungi/data/merge/ps_376_003_pool_3_227.ccsreads.fastq.gz
pool_3_228	/mnt/picea/home/delhomme/Git/pine-needles-fungi/data/merge/ps_376_003_pool_3_228.ccsreads.fastq.gz
pool_3_229	/mnt/picea/home/delhomme/Git/pine-needles-fungi/data/merge/ps_376_003_pool_3_229.ccsreads.fastq.gz
pool_3_230	/mnt/picea/home/delhomme/Git/pine-needles-fungi/data/merge/ps_376_003_pool_3_230.ccsreads.fastq.gz
pool_3_231	/mnt/picea/home/delhomme/Git/pine-needles-fungi/data/merge/ps_376_003_pool_3_231.ccsreads.fastq.gz
pool_3_232	/mnt/picea/home/delhomme/Git/pine-needles-fungi/data/merge/ps_376_003_pool_3_232.ccsreads.fastq.gz
pool_3_233	/mnt/picea/home/delhomme/Git/pine-needles-fungi/data/merge/ps_376_003_pool_3_233.ccsreads.fastq.gz
pool_3_234	/mnt/picea/home/delhomme/Git/pine-needles-fungi/data/merge/ps_376_003_pool_3_234.ccsreads.fastq.gz
pool_3_235	/mnt/picea/home/delhomme/Git/pine-needles-fungi/data/merge/ps_376_003_pool_3_235.ccsreads.fastq.gz
pool_3_236	/mnt/picea/home/delhomme/Git/pine-needles-fungi/data/merge/ps_376_003_pool_3_236.ccsreads.fastq.gz
pool_3_237	/mnt/picea/home/delhomme/Git/pine-needles-fungi/data/merge/ps_376_003_pool_3_237.ccsreads.fastq.gz
pool_3_238	/mnt/picea/home/delhomme/Git/pine-needles-fungi/data/merge/ps_376_003_pool_3_238.ccsreads.fastq.gz
pool_3_239	/mnt/picea/home/delhomme/Git/pine-needles-fungi/data/merge/ps_376_003_pool_3_239.ccsreads.fastq.gz
pool_3_240	/mnt/picea/home/delhomme/Git/pine-needles-fungi/data/merge/ps_376_003_pool_3_240.ccsreads.fastq.gz
pool_3_241	/mnt/picea/home/delhomme/Git/pine-needles-fungi/data/merge/ps_376_003_pool_3_241.ccsreads.fastq.gz
pool_3_242	/mnt/picea/home/delhomme/Git/pine-needles-fungi/data/merge/ps_376_003_pool_3_242.ccsreads.fastq.gz
pool_3_243	/mnt/picea/home/delhomme/Git/pine-needles-fungi/data/merge/ps_376_003_pool_3_243.ccsreads.fastq.gz
pool_3_244	/mnt/picea/home/delhomme/Git/pine-needles-fungi/data/merge/ps_376_003_pool_3_244.ccsreads.fastq.gz
pool_3_245	/mnt/picea/home/delhomme/Git/pine-needles-fungi/data/merge/ps_376_003_pool_3_245.ccsreads.fastq.gz
pool_3_246	/mnt/picea/home/delhomme/Git/pine-needles-fungi/data/merge/ps_376_003_pool_3_246.ccsreads.fastq.gz
pool_3_247	/mnt/picea/home/delhomme/Git/pine-needles-fungi/data/merge/ps_376_003_pool_3_247.ccsreads.fastq.gz
pool_3_248	/mnt/picea/home/delhomme/Git/pine-needles-fungi/data/merge/ps_376_003_pool_3_248.ccsreads.fastq.gz
pool_3_249	/mnt/picea/home/delhomme/Git/pine-needles-fungi/data/merge/ps_376_003_pool_3_249.ccsreads.fastq.gz
pool_3_250	/mnt/picea/home/delhomme/Git/pine-needles-fungi/data/merge/ps_376_003_pool_3_250.ccsreads.fastq.gz
pool_3_251	/mnt/picea/home/delhomme/Git/pine-needles-fungi/data/merge/ps_376_003_pool_3_251.ccsreads.fastq.gz
pool_3_252	/mnt/picea/home/delhomme/Git/pine-needles-fungi/data/merge/ps_376_003_pool_3_252.ccsreads.fastq.gz
pool_3_253	/mnt/picea/home/delhomme/Git/pine-needles-fungi/data/merge/ps_376_003_pool_3_253.ccsreads.fastq.gz
pool_3_254	/mnt/picea/home/delhomme/Git/pine-needles-fungi/data/merge/ps_376_003_pool_3_254.ccsreads.fastq.gz
pool_3_255	/mnt/picea/home/delhomme/Git/pine-needles-fungi/data/merge/ps_376_003_pool_3_255.ccsreads.fastq.gz
pool_3_256	/mnt/picea/home/delhomme/Git/pine-needles-fungi/data/merge/ps_376_003_pool_3_256.ccsreads.fastq.gz
pool_3_257	/mnt/picea/home/delhomme/Git/pine-needles-fungi/data/merge/ps_376_003_pool_3_257.ccsreads.fastq.gz
pool_3_258	/mnt/picea/home/delhomme/Git/pine-needles-fungi/data/merge/ps_376_003_pool_3_258.ccsreads.fastq.gz
pool_3_259	/mnt/picea/home/delhomme/Git/pine-needles-fungi/data/merge/ps_376_003_pool_3_259.ccsreads.fastq.gz
pool_3_260	/mnt/picea/home/delhomme/Git/pine-needles-fungi/data/merge/ps_376_003_pool_3_260.ccsreads.fastq.gz
pool_3_261	/mnt/picea/home/delhomme/Git/pine-needles-fungi/data/merge/ps_376_003_pool_3_261.ccsreads.fastq.gz
pool_3_262	/mnt/picea/home/delhomme/Git/pine-needles-fungi/data/merge/ps_376_003_pool_3_262.ccsreads.fastq.gz
pool_3_263	/mnt/picea/home/delhomme/Git/pine-needles-fungi/data/merge/ps_376_003_pool_3_263.ccsreads.fastq.gz
pool_3_264	/mnt/picea/home/delhomme/Git/pine-needles-fungi/data/merge/ps_376_003_pool_3_264.ccsreads.fastq.gz
pool_3_267	/mnt/picea/home/delhomme/Git/pine-needles-fungi/data/merge/ps_376_003_pool_3_267.ccsreads.fastq.gz
pool_3_268	/mnt/picea/home/delhomme/Git/pine-needles-fungi/data/merge/ps_376_003_pool_3_268.ccsreads.fastq.gz
pool_3_269	/mnt/picea/home/delhomme/Git/pine-needles-fungi/data/merge/ps_376_003_pool_3_269.ccsreads.fastq.gz
pool_3_270	/mnt/picea/home/delhomme/Git/pine-needles-fungi/data/merge/ps_376_003_pool_3_270.ccsreads.fastq.gz
pool_3_271	/mnt/picea/home/delhomme/Git/pine-needles-fungi/data/merge/ps_376_003_pool_3_271.ccsreads.fastq.gz
pool_3_272	/mnt/picea/home/delhomme/Git/pine-needles-fungi/data/merge/ps_376_003_pool_3_272.ccsreads.fastq.gz
pool_3_273	/mnt/picea/home/delhomme/Git/pine-needles-fungi/data/merge/ps_376_003_pool_3_273.ccsreads.fastq.gz
pool_3_274	/mnt/picea/home/delhomme/Git/pine-needles-fungi/data/merge/ps_376_003_pool_3_274.ccsreads.fastq.gz
pool_3_275	/mnt/picea/home/delhomme/Git/pine-needles-fungi/data/merge/ps_376_003_pool_3_275.ccsreads.fastq.gz
pool_3_276	/mnt/picea/home/delhomme/Git/pine-needles-fungi/data/merge/ps_376_003_pool_3_276.ccsreads.fastq.gz
pool_3_277	/mnt/picea/home/delhomme/Git/pine-needles-fungi/data/merge/ps_376_003_pool_3_277.ccsreads.fastq.gz
pool_3_278	/mnt/picea/home/delhomme/Git/pine-needles-fungi/data/merge/ps_376_003_pool_3_278.ccsreads.fastq.gz
pool_3_279	/mnt/picea/home/delhomme/Git/pine-needles-fungi/data/merge/ps_376_003_pool_3_279.ccsreads.fastq.gz
pool_3_280	/mnt/picea/home/delhomme/Git/pine-needles-fungi/data/merge/ps_376_003_pool_3_280.ccsreads.fastq.gz
pool_3_281	/mnt/picea/home/delhomme/Git/pine-needles-fungi/data/merge/ps_376_003_pool_3_281.ccsreads.fastq.gz
pool_3_282	/mnt/picea/home/delhomme/Git/pine-needles-fungi/data/merge/ps_376_003_pool_3_282.ccsreads.fastq.gz
pool_3_283	/mnt/picea/home/delhomme/Git/pine-needles-fungi/data/merge/ps_376_003_pool_3_283.ccsreads.fastq.gz
pool_3_284	/mnt/picea/home/delhomme/Git/pine-needles-fungi/data/merge/ps_376_003_pool_3_284.ccsreads.fastq.gz
pool_3_285	/mnt/picea/home/delhomme/Git/pine-needles-fungi/data/merge/ps_376_003_pool_3_285.ccsreads.fastq.gz
pool_3_286	/mnt/picea/home/delhomme/Git/pine-needles-fungi/data/merge/ps_376_003_pool_3_286.ccsreads.fastq.gz
pool_3_287	/mnt/picea/home/delhomme/Git/pine-needles-fungi/data/merge/ps_376_003_pool_3_287.ccsreads.fastq.gz
pool_3_288	/mnt/picea/home/delhomme/Git/pine-needles-fungi/data/merge/ps_376_003_pool_3_288.ccsreads.fastq.gz
pool_4_289	/mnt/picea/home/delhomme/Git/pine-needles-fungi/data/merge/ps_376_004_pool_4_289.ccsreads.fastq.gz
pool_4_290	/mnt/picea/home/delhomme/Git/pine-needles-fungi/data/merge/ps_376_004_pool_4_290.ccsreads.fastq.gz
pool_4_291	/mnt/picea/home/delhomme/Git/pine-needles-fungi/data/merge/ps_376_004_pool_4_291.ccsreads.fastq.gz
pool_4_292	/mnt/picea/home/delhomme/Git/pine-needles-fungi/data/merge/ps_376_004_pool_4_292.ccsreads.fastq.gz
pool_4_293	/mnt/picea/home/delhomme/Git/pine-needles-fungi/data/merge/ps_376_004_pool_4_293.ccsreads.fastq.gz
pool_4_294	/mnt/picea/home/delhomme/Git/pine-needles-fungi/data/merge/ps_376_004_pool_4_294.ccsreads.fastq.gz
pool_4_295	/mnt/picea/home/delhomme/Git/pine-needles-fungi/data/merge/ps_376_004_pool_4_295.ccsreads.fastq.gz
pool_4_296	/mnt/picea/home/delhomme/Git/pine-needles-fungi/data/merge/ps_376_004_pool_4_296.ccsreads.fastq.gz
pool_4_297	/mnt/picea/home/delhomme/Git/pine-needles-fungi/data/merge/ps_376_004_pool_4_297.ccsreads.fastq.gz
pool_4_298	/mnt/picea/home/delhomme/Git/pine-needles-fungi/data/merge/ps_376_004_pool_4_298.ccsreads.fastq.gz
pool_4_299	/mnt/picea/home/delhomme/Git/pine-needles-fungi/data/merge/ps_376_004_pool_4_299.ccsreads.fastq.gz
pool_4_300	/mnt/picea/home/delhomme/Git/pine-needles-fungi/data/merge/ps_376_004_pool_4_300.ccsreads.fastq.gz
pool_4_301	/mnt/picea/home/delhomme/Git/pine-needles-fungi/data/merge/ps_376_004_pool_4_301.ccsreads.fastq.gz
pool_4_302	/mnt/picea/home/delhomme/Git/pine-needles-fungi/data/merge/ps_376_004_pool_4_302.ccsreads.fastq.gz
pool_4_303	/mnt/picea/home/delhomme/Git/pine-needles-fungi/data/merge/ps_376_004_pool_4_303.ccsreads.fastq.gz
pool_4_304	/mnt/picea/home/delhomme/Git/pine-needles-fungi/data/merge/ps_376_004_pool_4_304.ccsreads.fastq.gz
pool_4_305	/mnt/picea/home/delhomme/Git/pine-needles-fungi/data/merge/ps_376_004_pool_4_305.ccsreads.fastq.gz
pool_4_306	/mnt/picea/home/delhomme/Git/pine-needles-fungi/data/merge/ps_376_004_pool_4_306.ccsreads.fastq.gz
pool_4_307	/mnt/picea/home/delhomme/Git/pine-needles-fungi/data/merge/ps_376_004_pool_4_307.ccsreads.fastq.gz
pool_4_308	/mnt/picea/home/delhomme/Git/pine-needles-fungi/data/merge/ps_376_004_pool_4_308.ccsreads.fastq.gz
pool_4_309	/mnt/picea/home/delhomme/Git/pine-needles-fungi/data/merge/ps_376_004_pool_4_309.ccsreads.fastq.gz
pool_4_310	/mnt/picea/home/delhomme/Git/pine-needles-fungi/data/merge/ps_376_004_pool_4_310.ccsreads.fastq.gz
pool_4_311	/mnt/picea/home/delhomme/Git/pine-needles-fungi/data/merge/ps_376_004_pool_4_311.ccsreads.fastq.gz
pool_4_312	/mnt/picea/home/delhomme/Git/pine-needles-fungi/data/merge/ps_376_004_pool_4_312.ccsreads.fastq.gz
pool_4_313	/mnt/picea/home/delhomme/Git/pine-needles-fungi/data/merge/ps_376_004_pool_4_313.ccsreads.fastq.gz
pool_4_314	/mnt/picea/home/delhomme/Git/pine-needles-fungi/data/merge/ps_376_004_pool_4_314.ccsreads.fastq.gz
pool_4_315	/mnt/picea/home/delhomme/Git/pine-needles-fungi/data/merge/ps_376_004_pool_4_315.ccsreads.fastq.gz
pool_4_316	/mnt/picea/home/delhomme/Git/pine-needles-fungi/data/merge/ps_376_004_pool_4_316.ccsreads.fastq.gz
pool_4_317	/mnt/picea/home/delhomme/Git/pine-needles-fungi/data/merge/ps_376_004_pool_4_317.ccsreads.fastq.gz
pool_4_318	/mnt/picea/home/delhomme/Git/pine-needles-fungi/data/merge/ps_376_004_pool_4_318.ccsreads.fastq.gz
pool_4_320	/mnt/picea/home/delhomme/Git/pine-needles-fungi/data/merge/ps_376_004_pool_4_320.ccsreads.fastq.gz
pool_4_321	/mnt/picea/home/delhomme/Git/pine-needles-fungi/data/merge/ps_376_004_pool_4_321.ccsreads.fastq.gz
pool_4_322	/mnt/picea/home/delhomme/Git/pine-needles-fungi/data/merge/ps_376_004_pool_4_322.ccsreads.fastq.gz
pool_4_323	/mnt/picea/home/delhomme/Git/pine-needles-fungi/data/merge/ps_376_004_pool_4_323.ccsreads.fastq.gz
pool_4_324	/mnt/picea/home/delhomme/Git/pine-needles-fungi/data/merge/ps_376_004_pool_4_324.ccsreads.fastq.gz
pool_4_325	/mnt/picea/home/delhomme/Git/pine-needles-fungi/data/merge/ps_376_004_pool_4_325.ccsreads.fastq.gz
pool_4_326	/mnt/picea/home/delhomme/Git/pine-needles-fungi/data/merge/ps_376_004_pool_4_326.ccsreads.fastq.gz
pool_4_327	/mnt/picea/home/delhomme/Git/pine-needles-fungi/data/merge/ps_376_004_pool_4_327.ccsreads.fastq.gz
pool_4_328	/mnt/picea/home/delhomme/Git/pine-needles-fungi/data/merge/ps_376_004_pool_4_328.ccsreads.fastq.gz
pool_4_329	/mnt/picea/home/delhomme/Git/pine-needles-fungi/data/merge/ps_376_004_pool_4_329.ccsreads.fastq.gz
pool_4_330	/mnt/picea/home/delhomme/Git/pine-needles-fungi/data/merge/ps_376_004_pool_4_330.ccsreads.fastq.gz
pool_4_331	/mnt/picea/home/delhomme/Git/pine-needles-fungi/data/merge/ps_376_004_pool_4_331.ccsreads.fastq.gz
pool_4_332	/mnt/picea/home/delhomme/Git/pine-needles-fungi/data/merge/ps_376_004_pool_4_332.ccsreads.fastq.gz
pool_4_333	/mnt/picea/home/delhomme/Git/pine-needles-fungi/data/merge/ps_376_004_pool_4_333.ccsreads.fastq.gz
pool_4_334	/mnt/picea/home/delhomme/Git/pine-needles-fungi/data/merge/ps_376_004_pool_4_334.ccsreads.fastq.gz
pool_4_336	/mnt/picea/home/delhomme/Git/pine-needles-fungi/data/merge/ps_376_004_pool_4_336.ccsreads.fastq.gz
pool_4_337	/mnt/picea/home/delhomme/Git/pine-needles-fungi/data/merge/ps_376_004_pool_4_337.ccsreads.fastq.gz
pool_4_338	/mnt/picea/home/delhomme/Git/pine-needles-fungi/data/merge/ps_376_004_pool_4_338.ccsreads.fastq.gz
pool_4_339	/mnt/picea/home/delhomme/Git/pine-needles-fungi/data/merge/ps_376_004_pool_4_339.ccsreads.fastq.gz
pool_4_340	/mnt/picea/home/delhomme/Git/pine-needles-fungi/data/merge/ps_376_004_pool_4_340.ccsreads.fastq.gz
pool_4_341	/mnt/picea/home/delhomme/Git/pine-needles-fungi/data/merge/ps_376_004_pool_4_341.ccsreads.fastq.gz
pool_4_342	/mnt/picea/home/delhomme/Git/pine-needles-fungi/data/merge/ps_376_004_pool_4_342.ccsreads.fastq.gz
pool_4_343	/mnt/picea/home/delhomme/Git/pine-needles-fungi/data/merge/ps_376_004_pool_4_343.ccsreads.fastq.gz
pool_4_344	/mnt/picea/home/delhomme/Git/pine-needles-fungi/data/merge/ps_376_004_pool_4_344.ccsreads.fastq.gz
pool_4_345	/mnt/picea/home/delhomme/Git/pine-needles-fungi/data/merge/ps_376_004_pool_4_345.ccsreads.fastq.gz
pool_4_346	/mnt/picea/home/delhomme/Git/pine-needles-fungi/data/merge/ps_376_004_pool_4_346.ccsreads.fastq.gz
pool_4_347	/mnt/picea/home/delhomme/Git/pine-needles-fungi/data/merge/ps_376_004_pool_4_347.ccsreads.fastq.gz
pool_4_348	/mnt/picea/home/delhomme/Git/pine-needles-fungi/data/merge/ps_376_004_pool_4_348.ccsreads.fastq.gz
pool_4_349	/mnt/picea/home/delhomme/Git/pine-needles-fungi/data/merge/ps_376_004_pool_4_349.ccsreads.fastq.gz
pool_4_350	/mnt/picea/home/delhomme/Git/pine-needles-fungi/data/merge/ps_376_004_pool_4_350.ccsreads.fastq.gz
pool_4_351	/mnt/picea/home/delhomme/Git/pine-needles-fungi/data/merge/ps_376_004_pool_4_351.ccsreads.fastq.gz
pool_4_352	/mnt/picea/home/delhomme/Git/pine-needles-fungi/data/merge/ps_376_004_pool_4_352.ccsreads.fastq.gz
pool_4_353	/mnt/picea/home/delhomme/Git/pine-needles-fungi/data/merge/ps_376_004_pool_4_353.ccsreads.fastq.gz
pool_4_354	/mnt/picea/home/delhomme/Git/pine-needles-fungi/data/merge/ps_376_004_pool_4_354.ccsreads.fastq.gz
pool_4_355	/mnt/picea/home/delhomme/Git/pine-needles-fungi/data/merge/ps_376_004_pool_4_355.ccsreads.fastq.gz
pool_4_356	/mnt/picea/home/delhomme/Git/pine-needles-fungi/data/merge/ps_376_004_pool_4_356.ccsreads.fastq.gz
pool_4_357	/mnt/picea/home/delhomme/Git/pine-needles-fungi/data/merge/ps_376_004_pool_4_357.ccsreads.fastq.gz
pool_4_358	/mnt/picea/home/delhomme/Git/pine-needles-fungi/data/merge/ps_376_004_pool_4_358.ccsreads.fastq.gz
pool_4_359	/mnt/picea/home/delhomme/Git/pine-needles-fungi/data/merge/ps_376_004_pool_4_359.ccsreads.fastq.gz
pool_4_360	/mnt/picea/home/delhomme/Git/pine-needles-fungi/data/merge/ps_376_004_pool_4_360.ccsreads.fastq.gz
pool_4_361	/mnt/picea/home/delhomme/Git/pine-needles-fungi/data/merge/ps_376_004_pool_4_361.ccsreads.fastq.gz
pool_4_362	/mnt/picea/home/delhomme/Git/pine-needles-fungi/data/merge/ps_376_004_pool_4_362.ccsreads.fastq.gz
pool_4_363	/mnt/picea/home/delhomme/Git/pine-needles-fungi/data/merge/ps_376_004_pool_4_363.ccsreads.fastq.gz
pool_4_364	/mnt/picea/home/delhomme/Git/pine-needles-fungi/data/merge/ps_376_004_pool_4_364.ccsreads.fastq.gz
pool_4_365	/mnt/picea/home/delhomme/Git/pine-needles-fungi/data/merge/ps_376_004_pool_4_365.ccsreads.fastq.gz
pool_4_366	/mnt/picea/home/delhomme/Git/pine-needles-fungi/data/merge/ps_376_004_pool_4_366.ccsreads.fastq.gz
pool_4_367	/mnt/picea/home/delhomme/Git/pine-needles-fungi/data/merge/ps_376_004_pool_4_367.ccsreads.fastq.gz
pool_4_368	/mnt/picea/home/delhomme/Git/pine-needles-fungi/data/merge/ps_376_004_pool_4_368.ccsreads.fastq.gz
pool_4_369	/mnt/picea/home/delhomme/Git/pine-needles-fungi/data/merge/ps_376_004_pool_4_369.ccsreads.fastq.gz
pool_4_370	/mnt/picea/home/delhomme/Git/pine-needles-fungi/data/merge/ps_376_004_pool_4_370.ccsreads.fastq.gz
pool_4_371	/mnt/picea/home/delhomme/Git/pine-needles-fungi/data/merge/ps_376_004_pool_4_371.ccsreads.fastq.gz
pool_4_372	/mnt/picea/home/delhomme/Git/pine-needles-fungi/data/merge/ps_376_004_pool_4_372.ccsreads.fastq.gz
pool_4_373	/mnt/picea/home/delhomme/Git/pine-needles-fungi/data/merge/ps_376_004_pool_4_373.ccsreads.fastq.gz
pool_4_374	/mnt/picea/home/delhomme/Git/pine-needles-fungi/data/merge/ps_376_004_pool_4_374.ccsreads.fastq.gz
pool_4_375	/mnt/picea/home/delhomme/Git/pine-needles-fungi/data/merge/ps_376_004_pool_4_375.ccsreads.fastq.gz
pool_4_376	/mnt/picea/home/delhomme/Git/pine-needles-fungi/data/merge/ps_376_004_pool_4_376.ccsreads.fastq.gz
pool_4_377	/mnt/picea/home/delhomme/Git/pine-needles-fungi/data/merge/ps_376_004_pool_4_377.ccsreads.fastq.gz
pool_4_378	/mnt/picea/home/delhomme/Git/pine-needles-fungi/data/merge/ps_376_004_pool_4_378.ccsreads.fastq.gz
pool_4_379	/mnt/picea/home/delhomme/Git/pine-needles-fungi/data/merge/ps_376_004_pool_4_379.ccsreads.fastq.gz
pool_4_380	/mnt/picea/home/delhomme/Git/pine-needles-fungi/data/merge/ps_376_004_pool_4_380.ccsreads.fastq.gz
pool_4_381	/mnt/picea/home/delhomme/Git/pine-needles-fungi/data/merge/ps_376_004_pool_4_381.ccsreads.fastq.gz
pool_4_382	/mnt/picea/home/delhomme/Git/pine-needles-fungi/data/merge/ps_376_004_pool_4_382.ccsreads.fastq.gz
pool_4_383	/mnt/picea/home/delhomme/Git/pine-needles-fungi/data/merge/ps_376_004_pool_4_383.ccsreads.fastq.gz
pool_4_384	/mnt/picea/home/delhomme/Git/pine-needles-fungi/data/merge/ps_376_004_pool_4_384.ccsreads.fastq.gz
pool_5_386	/mnt/picea/home/delhomme/Git/pine-needles-fungi/data/merge/ps_376_005_pool_5_386.ccsreads.fastq.gz
pool_5_387	/mnt/picea/home/delhomme/Git/pine-needles-fungi/data/merge/ps_376_005_pool_5_387.ccsreads.fastq.gz
pool_5_388	/mnt/picea/home/delhomme/Git/pine-needles-fungi/data/merge/ps_376_005_pool_5_388.ccsreads.fastq.gz
pool_5_389	/mnt/picea/home/delhomme/Git/pine-needles-fungi/data/merge/ps_376_005_pool_5_389.ccsreads.fastq.gz
pool_5_390	/mnt/picea/home/delhomme/Git/pine-needles-fungi/data/merge/ps_376_005_pool_5_390.ccsreads.fastq.gz
pool_5_391	/mnt/picea/home/delhomme/Git/pine-needles-fungi/data/merge/ps_376_005_pool_5_391.ccsreads.fastq.gz
pool_5_392	/mnt/picea/home/delhomme/Git/pine-needles-fungi/data/merge/ps_376_005_pool_5_392.ccsreads.fastq.gz
pool_5_393	/mnt/picea/home/delhomme/Git/pine-needles-fungi/data/merge/ps_376_005_pool_5_393.ccsreads.fastq.gz
pool_5_394	/mnt/picea/home/delhomme/Git/pine-needles-fungi/data/merge/ps_376_005_pool_5_394.ccsreads.fastq.gz
pool_5_395	/mnt/picea/home/delhomme/Git/pine-needles-fungi/data/merge/ps_376_005_pool_5_395.ccsreads.fastq.gz
pool_5_396	/mnt/picea/home/delhomme/Git/pine-needles-fungi/data/merge/ps_376_005_pool_5_396.ccsreads.fastq.gz
pool_5_397	/mnt/picea/home/delhomme/Git/pine-needles-fungi/data/merge/ps_376_005_pool_5_397.ccsreads.fastq.gz
pool_5_398	/mnt/picea/home/delhomme/Git/pine-needles-fungi/data/merge/ps_376_005_pool_5_398.ccsreads.fastq.gz
pool_5_399	/mnt/picea/home/delhomme/Git/pine-needles-fungi/data/merge/ps_376_005_pool_5_399.ccsreads.fastq.gz
pool_5_400	/mnt/picea/home/delhomme/Git/pine-needles-fungi/data/merge/ps_376_005_pool_5_400.ccsreads.fastq.gz
pool_5_401	/mnt/picea/home/delhomme/Git/pine-needles-fungi/data/merge/ps_376_005_pool_5_401.ccsreads.fastq.gz
pool_5_402	/mnt/picea/home/delhomme/Git/pine-needles-fungi/data/merge/ps_376_005_pool_5_402.ccsreads.fastq.gz
pool_5_403	/mnt/picea/home/delhomme/Git/pine-needles-fungi/data/merge/ps_376_005_pool_5_403.ccsreads.fastq.gz
pool_5_404	/mnt/picea/home/delhomme/Git/pine-needles-fungi/data/merge/ps_376_005_pool_5_404.ccsreads.fastq.gz
pool_5_405	/mnt/picea/home/delhomme/Git/pine-needles-fungi/data/merge/ps_376_005_pool_5_405.ccsreads.fastq.gz
pool_5_406	/mnt/picea/home/delhomme/Git/pine-needles-fungi/data/merge/ps_376_005_pool_5_406.ccsreads.fastq.gz
pool_5_407	/mnt/picea/home/delhomme/Git/pine-needles-fungi/data/merge/ps_376_005_pool_5_407.ccsreads.fastq.gz
pool_5_408	/mnt/picea/home/delhomme/Git/pine-needles-fungi/data/merge/ps_376_005_pool_5_408.ccsreads.fastq.gz
pool_5_409	/mnt/picea/home/delhomme/Git/pine-needles-fungi/data/merge/ps_376_005_pool_5_409.ccsreads.fastq.gz
pool_5_410	/mnt/picea/home/delhomme/Git/pine-needles-fungi/data/merge/ps_376_005_pool_5_410.ccsreads.fastq.gz
pool_5_411	/mnt/picea/home/delhomme/Git/pine-needles-fungi/data/merge/ps_376_005_pool_5_411.ccsreads.fastq.gz
pool_5_412	/mnt/picea/home/delhomme/Git/pine-needles-fungi/data/merge/ps_376_005_pool_5_412.ccsreads.fastq.gz
pool_5_413	/mnt/picea/home/delhomme/Git/pine-needles-fungi/data/merge/ps_376_005_pool_5_413.ccsreads.fastq.gz
pool_5_414	/mnt/picea/home/delhomme/Git/pine-needles-fungi/data/merge/ps_376_005_pool_5_414.ccsreads.fastq.gz
pool_5_415	/mnt/picea/home/delhomme/Git/pine-needles-fungi/data/merge/ps_376_005_pool_5_415.ccsreads.fastq.gz
pool_5_416	/mnt/picea/home/delhomme/Git/pine-needles-fungi/data/merge/ps_376_005_pool_5_416.ccsreads.fastq.gz
pool_5_417	/mnt/picea/home/delhomme/Git/pine-needles-fungi/data/merge/ps_376_005_pool_5_417.ccsreads.fastq.gz
pool_5_418	/mnt/picea/home/delhomme/Git/pine-needles-fungi/data/merge/ps_376_005_pool_5_418.ccsreads.fastq.gz
pool_5_419	/mnt/picea/home/delhomme/Git/pine-needles-fungi/data/merge/ps_376_005_pool_5_419.ccsreads.fastq.gz
pool_5_420	/mnt/picea/home/delhomme/Git/pine-needles-fungi/data/merge/ps_376_005_pool_5_420.ccsreads.fastq.gz
pool_5_421_neg_k	/mnt/picea/home/delhomme/Git/pine-needles-fungi/data/merge/ps_376_005_pool_5_421_neg_k.ccsreads.fastq.gz
pool_5_422	/mnt/picea/home/delhomme/Git/pine-needles-fungi/data/merge/ps_376_005_pool_5_422.ccsreads.fastq.gz
pool_5_423	/mnt/picea/home/delhomme/Git/pine-needles-fungi/data/merge/ps_376_005_pool_5_423.ccsreads.fastq.gz
pool_5_424	/mnt/picea/home/delhomme/Git/pine-needles-fungi/data/merge/ps_376_005_pool_5_424.ccsreads.fastq.gz
pool_5_425	/mnt/picea/home/delhomme/Git/pine-needles-fungi/data/merge/ps_376_005_pool_5_425.ccsreads.fastq.gz
pool_5_426	/mnt/picea/home/delhomme/Git/pine-needles-fungi/data/merge/ps_376_005_pool_5_426.ccsreads.fastq.gz
pool_5_427	/mnt/picea/home/delhomme/Git/pine-needles-fungi/data/merge/ps_376_005_pool_5_427.ccsreads.fastq.gz
pool_5_428	/mnt/picea/home/delhomme/Git/pine-needles-fungi/data/merge/ps_376_005_pool_5_428.ccsreads.fastq.gz
pool_5_429	/mnt/picea/home/delhomme/Git/pine-needles-fungi/data/merge/ps_376_005_pool_5_429.ccsreads.fastq.gz
pool_5_430	/mnt/picea/home/delhomme/Git/pine-needles-fungi/data/merge/ps_376_005_pool_5_430.ccsreads.fastq.gz
pool_5_431	/mnt/picea/home/delhomme/Git/pine-needles-fungi/data/merge/ps_376_005_pool_5_431.ccsreads.fastq.gz
pool_5_432	/mnt/picea/home/delhomme/Git/pine-needles-fungi/data/merge/ps_376_005_pool_5_432.ccsreads.fastq.gz
pool_5_433	/mnt/picea/home/delhomme/Git/pine-needles-fungi/data/merge/ps_376_005_pool_5_433.ccsreads.fastq.gz
pool_5_434	/mnt/picea/home/delhomme/Git/pine-needles-fungi/data/merge/ps_376_005_pool_5_434.ccsreads.fastq.gz
pool_5_435	/mnt/picea/home/delhomme/Git/pine-needles-fungi/data/merge/ps_376_005_pool_5_435.ccsreads.fastq.gz
pool_5_436	/mnt/picea/home/delhomme/Git/pine-needles-fungi/data/merge/ps_376_005_pool_5_436.ccsreads.fastq.gz
pool_5_437	/mnt/picea/home/delhomme/Git/pine-needles-fungi/data/merge/ps_376_005_pool_5_437.ccsreads.fastq.gz
pool_5_438	/mnt/picea/home/delhomme/Git/pine-needles-fungi/data/merge/ps_376_005_pool_5_438.ccsreads.fastq.gz
pool_5_439	/mnt/picea/home/delhomme/Git/pine-needles-fungi/data/merge/ps_376_005_pool_5_439.ccsreads.fastq.gz
pool_5_440	/mnt/picea/home/delhomme/Git/pine-needles-fungi/data/merge/ps_376_005_pool_5_440.ccsreads.fastq.gz
pool_5_441	/mnt/picea/home/delhomme/Git/pine-needles-fungi/data/merge/ps_376_005_pool_5_441.ccsreads.fastq.gz
pool_5_442	/mnt/picea/home/delhomme/Git/pine-needles-fungi/data/merge/ps_376_005_pool_5_442.ccsreads.fastq.gz
pool_5_443_neg_k	/mnt/picea/home/delhomme/Git/pine-needles-fungi/data/merge/ps_376_005_pool_5_443_neg_k.ccsreads.fastq.gz
pool_5_444	/mnt/picea/home/delhomme/Git/pine-needles-fungi/data/merge/ps_376_005_pool_5_444.ccsreads.fastq.gz
pool_5_446	/mnt/picea/home/delhomme/Git/pine-needles-fungi/data/merge/ps_376_005_pool_5_446.ccsreads.fastq.gz
pool_5_447	/mnt/picea/home/delhomme/Git/pine-needles-fungi/data/merge/ps_376_005_pool_5_447.ccsreads.fastq.gz
pool_5_448	/mnt/picea/home/delhomme/Git/pine-needles-fungi/data/merge/ps_376_005_pool_5_448.ccsreads.fastq.gz
pool_5_449	/mnt/picea/home/delhomme/Git/pine-needles-fungi/data/merge/ps_376_005_pool_5_449.ccsreads.fastq.gz
pool_5_450	/mnt/picea/home/delhomme/Git/pine-needles-fungi/data/merge/ps_376_005_pool_5_450.ccsreads.fastq.gz
pool_5_451	/mnt/picea/home/delhomme/Git/pine-needles-fungi/data/merge/ps_376_005_pool_5_451.ccsreads.fastq.gz
pool_5_452	/mnt/picea/home/delhomme/Git/pine-needles-fungi/data/merge/ps_376_005_pool_5_452.ccsreads.fastq.gz
pool_5_453	/mnt/picea/home/delhomme/Git/pine-needles-fungi/data/merge/ps_376_005_pool_5_453.ccsreads.fastq.gz
pool_5_454	/mnt/picea/home/delhomme/Git/pine-needles-fungi/data/merge/ps_376_005_pool_5_454.ccsreads.fastq.gz
pool_5_455	/mnt/picea/home/delhomme/Git/pine-needles-fungi/data/merge/ps_376_005_pool_5_455.ccsreads.fastq.gz
pool_5_456	/mnt/picea/home/delhomme/Git/pine-needles-fungi/data/merge/ps_376_005_pool_5_456.ccsreads.fastq.gz
pool_5_457	/mnt/picea/home/delhomme/Git/pine-needles-fungi/data/merge/ps_376_005_pool_5_457.ccsreads.fastq.gz
pool_5_458	/mnt/picea/home/delhomme/Git/pine-needles-fungi/data/merge/ps_376_005_pool_5_458.ccsreads.fastq.gz
pool_5_459	/mnt/picea/home/delhomme/Git/pine-needles-fungi/data/merge/ps_376_005_pool_5_459.ccsreads.fastq.gz
pool_5_460	/mnt/picea/home/delhomme/Git/pine-needles-fungi/data/merge/ps_376_005_pool_5_460.ccsreads.fastq.gz
pool_5_461	/mnt/picea/home/delhomme/Git/pine-needles-fungi/data/merge/ps_376_005_pool_5_461.ccsreads.fastq.gz
pool_5_462	/mnt/picea/home/delhomme/Git/pine-needles-fungi/data/merge/ps_376_005_pool_5_462.ccsreads.fastq.gz
pool_5_463	/mnt/picea/home/delhomme/Git/pine-needles-fungi/data/merge/ps_376_005_pool_5_463.ccsreads.fastq.gz
pool_5_464	/mnt/picea/home/delhomme/Git/pine-needles-fungi/data/merge/ps_376_005_pool_5_464.ccsreads.fastq.gz
pool_5_465	/mnt/picea/home/delhomme/Git/pine-needles-fungi/data/merge/ps_376_005_pool_5_465.ccsreads.fastq.gz
pool_5_466	/mnt/picea/home/delhomme/Git/pine-needles-fungi/data/merge/ps_376_005_pool_5_466.ccsreads.fastq.gz
pool_5_467	/mnt/picea/home/delhomme/Git/pine-needles-fungi/data/merge/ps_376_005_pool_5_467.ccsreads.fastq.gz
pool_5_468	/mnt/picea/home/delhomme/Git/pine-needles-fungi/data/merge/ps_376_005_pool_5_468.ccsreads.fastq.gz
pool_5_469	/mnt/picea/home/delhomme/Git/pine-needles-fungi/data/merge/ps_376_005_pool_5_469.ccsreads.fastq.gz
pool_5_470	/mnt/picea/home/delhomme/Git/pine-needles-fungi/data/merge/ps_376_005_pool_5_470.ccsreads.fastq.gz
pool_5_471	/mnt/picea/home/delhomme/Git/pine-needles-fungi/data/merge/ps_376_005_pool_5_471.ccsreads.fastq.gz
pool_5_472	/mnt/picea/home/delhomme/Git/pine-needles-fungi/data/merge/ps_376_005_pool_5_472.ccsreads.fastq.gz
pool_5_473	/mnt/picea/home/delhomme/Git/pine-needles-fungi/data/merge/ps_376_005_pool_5_473.ccsreads.fastq.gz
pool_5_474	/mnt/picea/home/delhomme/Git/pine-needles-fungi/data/merge/ps_376_005_pool_5_474.ccsreads.fastq.gz
pool_5_475	/mnt/picea/home/delhomme/Git/pine-needles-fungi/data/merge/ps_376_005_pool_5_475.ccsreads.fastq.gz
pool_5_476	/mnt/picea/home/delhomme/Git/pine-needles-fungi/data/merge/ps_376_005_pool_5_476.ccsreads.fastq.gz
pool_5_477	/mnt/picea/home/delhomme/Git/pine-needles-fungi/data/merge/ps_376_005_pool_5_477.ccsreads.fastq.gz
pool_5_478	/mnt/picea/home/delhomme/Git/pine-needles-fungi/data/merge/ps_376_005_pool_5_478.ccsreads.fastq.gz
pool_5_479	/mnt/picea/home/delhomme/Git/pine-needles-fungi/data/merge/ps_376_005_pool_5_479.ccsreads.fastq.gz
pool_5_480	/mnt/picea/home/delhomme/Git/pine-needles-fungi/data/merge/ps_376_005_pool_5_480.ccsreads.fastq.gz
pool_5_481	/mnt/picea/home/delhomme/Git/pine-needles-fungi/data/merge/ps_376_005_pool_5_481.ccsreads.fastq.gz
